{"Baker Street": [51.52313, -0.1569], "Regents Park": [51.52381, -0.14534], "Charing Cross": [51.50836, -0.1248], "Embankment": [51.50731, -0.12237], "Edgware Road (Bakerloo)": [51.52065, -0.17054], "Marylebone": [51.5224, -0.16349], "Waterloo": [51.50315, -0.11326], "Harlesden": [51.53626, -0.2575], "Willesden Junction": [51.53223, -0.24391], "Harrow and Wealdstone": [51.5926, -0.33425], "Kenton": [51.5815, -0.31522], "Kensal Green": [51.53052, -0.22471], "Queens Park": [51.53431, -0.2048], "South Kenton": [51.57104, -0.30814], "Kilburn Park": [51.53514, -0.19397], "Maida Vale": [51.52999, -0.18543], "Lambeth North": [51.49913, -0.11177], "Elephant and Castle": [51.49585, -0.10074], "Warwick Avenue": [51.5231, -0.18295], "North Wembley": [51.5624, -0.30395], "Wembley Central": [51.55186, -0.29639], "Oxford Circus": [51.51522, -0.14084], "Piccadilly Circus": [51.5097, -0.13371], "Paddington": [51.51539, -0.17574], "Stonebridge Park": [51.54399, -0.2754], "Barking": [51.53952, 0.08083], "Dagenham Dock": [51.52629, 0.14503], "Upminster": [51.55876, 0.2514], "Purfleet": [51.48117, 0.23678], "Rainham": [51.51734, 0.19069], "Fenchurch Street": [51.51157, -0.07855], "Limehouse": [51.51231, -0.03938], "Stratford": [51.54169, -0.00375], "West Ham": [51.52853, 0.00532], "Liverpool Street": [51.5176, -0.08225], "Ockendon": [51.52199, 0.29048], "Chafford Hundred": [51.48555, 0.28748], "Bank": [51.51335, -0.089], "St. Pauls": [51.51483, -0.09757], "Barkingside": [51.58585, 0.08848], "Fairlop": [51.59611, 0.09059], "Bethnal Green": [51.52719, -0.05539], "Bond Street": [51.5138, -0.14961], "Marble Arch": [51.51396, -0.15857], "Buckhurst Hill": [51.62658, 0.04671], "Woodford": [51.6072, 0.03406], "Chancery Lane": [51.51849, -0.11196], "Holborn": [51.51724, -0.11984], "Chigwell": [51.61786, 0.07618], "Roding Valley": [51.61696, 0.04403], "Debden": [51.64549, 0.0838], "Loughton": [51.64157, 0.05528], "East Acton": [51.51626, -0.24811], "North Acton": [51.52343, -0.25973], "Epping": [51.69369, 0.11383], "Theydon Bois": [51.67255, 0.10289], "Hainault": [51.60285, 0.09411], "Gants Hill": [51.57655, 0.06608], "Newbury Park": [51.57564, 0.0903], "Grange Hill": [51.61348, 0.09227], "Greenford": [51.54198, -0.34588], "Northolt": [51.54821, -0.36844], "Hanger Lane": [51.53007, -0.293], "Perivale": [51.53634, -0.32307], "Tottenham Court Road": [51.51621, -0.13111], "Holland Park": [51.50715, -0.20656], "Shepherds Bush": [51.50453, -0.21852], "Lancaster Gate": [51.51189, -0.17543], "Queensway": [51.51045, -0.18742], "Leyton": [51.55813, -0.00647], "Leytonstone": [51.56852, 0.00914], "Wanstead": [51.5749, 0.02876], "Mile End": [51.52531, -0.03267], "West Acton": [51.51777, -0.28066], "South Ruislip": [51.55689, -0.39912], "Notting Hill Gate": [51.50937, -0.19592], "Redbridge": [51.57637, 0.04539], "Ruislip Gardens": [51.55996, -0.40929], "West Ruislip": [51.56959, -0.43786], "White City": [51.51223, -0.22463], "Snaresbrook": [51.58089, 0.02146], "South Woodford": [51.59155, 0.02794], "Ealing Broadway": [51.51486, -0.30201], "Chalfont and Latimer": [51.66791, -0.56107], "Amersham": [51.67413, -0.60651], "Chorleywood": [51.65427, -0.51833], "Harrow-on-the-Hill": [51.57939, -0.337], "Rickmansworth": [51.64032, -0.47369], "Wembley Stadium": [51.55465, -0.28605], "Northolt Park": [51.55762, -0.35943], "Sudbury and Harrow Road": [51.55449, -0.31593], "Sudbury Hill Harrow": [51.55834, -0.33545], "Aldgate": [51.51434, -0.07563], "Tower Hill": [51.51039, -0.0767], "Great Portland Street": [51.52379, -0.14396], "Barbican": [51.52022, -0.09772], "Moorgate": [51.51844, -0.08902], "Bayswater": [51.51211, -0.1879], "Blackfriars": [51.51159, -0.103], "Temple": [51.51104, -0.11373], "Cannon Street": [51.51136, -0.09025], "Mansion House": [51.51209, -0.0942], "Edgware Road (Circle/District/Hammersmith and City)": [51.52, -0.16767], "Westminster": [51.5014, -0.125], "Euston Square": [51.52866, -0.1333], "Kings Cross St. Pancras": [51.53031, -0.12387], "Farringdon": [51.5202, -0.10484], "Gloucester Road": [51.4945, -0.18354], "High Street Kensington": [51.50073, -0.19157], "Goldhawk Road": [51.50208, -0.2274], "Shepherds Bush Market": [51.50588, -0.2274], "Hammersmith (Met.)": [51.49348, -0.22464], "Ladbroke Grove": [51.51721, -0.2102], "Westbourne Park": [51.52099, -0.20088], "Latimer Road": [51.51396, -0.21746], "Monument": [51.51063, -0.08619], "Royal Oak": [51.51829, -0.18882], "Wood Lane": [51.50966, -0.22447], "Sloane Square": [51.49236, -0.15649], "South Kensington": [51.49407, -0.17392], "St. James's Park": [51.49961, -0.13388], "Victoria": [51.49642, -0.14392], "Acton Town": [51.50307, -0.2803], "Ealing Common": [51.51025, -0.28715], "Aldgate East": [51.51508, -0.073], "East Ham": [51.53925, 0.05152], "Barons Court": [51.49023, -0.21343], "Hammersmith (District)": [51.49182, -0.22286], "Becontree": [51.53958, 0.12688], "Upney": [51.53841, 0.10153], "Bow Church": [51.52762, -0.0205], "Stepney Green": [51.522, -0.04738], "Bow Road": [51.52704, -0.02436], "Bromley-by-Bow": [51.52484, -0.01168], "Chiswick Park": [51.49437, -0.26774], "Dagenham East": [51.54419, 0.16583], "Dagenham Heathway": [51.54121, 0.14768], "Earls Court": [51.49136, -0.19431], "Kensington (Olympia)": [51.49788, -0.21038], "West Brompton": [51.48733, -0.19554], "West Kensington": [51.49011, -0.2062], "Upton Park": [51.53663, 0.03454], "East Putney": [51.45888, -0.211], "Southfields": [51.44488, -0.20661], "Elm Park": [51.54912, 0.19725], "Fulham Broadway": [51.48026, -0.19554], "Parsons Green": [51.47496, -0.20112], "Gunnersbury": [51.49186, -0.27516], "Kew Gardens": [51.47679, -0.28538], "Ravenscourt Park": [51.49407, -0.23597], "Hornchurch": [51.55436, 0.21893], "Richmond": [51.46323, -0.30174], "Putney Bridge": [51.46787, -0.20936], "Plaistow": [51.53129, 0.01778], "Stamford Brook": [51.49445, -0.24525], "Wimbledon Park": [51.43458, -0.19919], "Turnham Green": [51.49518, -0.25453], "Whitechapel": [51.51959, -0.05942], "Upminster Bridge": [51.55772, 0.23454], "Wimbledon": [51.42111, -0.20666], "Abbey Road": [51.53195, 0.00372], "All Saints": [51.51048, -0.01263], "Poplar": [51.50759, -0.01727], "Beckton Park": [51.5089, 0.05482], "Cyprus": [51.50853, 0.06384], "Blackwall": [51.50783, -0.00723], "East India": [51.50868, -0.00237], "Devons Road": [51.52226, -0.01801], "Canary Wharf": [51.50358, -0.01947], "Heron Quays": [51.50339, -0.02195], "Canning Town": [51.51387, 0.00831], "Royal Victoria": [51.50905, 0.01797], "West Silvertown": [51.50288, 0.02225], "Crossharbour and London Arena": [51.49584, -0.01493], "Mudchute": [51.49124, -0.01496], "Custom House": [51.50962, 0.02577], "Prince Regent": [51.50943, 0.03349], "Cutty Sark for Maritime Greenwich": [51.48194, -0.01058], "Greenwich": [51.47755, -0.01486], "Gallions Reach": [51.50903, 0.07178], "Deptford Bridge": [51.47448, -0.02205], "Elverson Road": [51.46837, -0.01682], "Langdon Park": [51.51888, -0.01521], "Lewisham": [51.46488, -0.01243], "Beckton": [51.51438, 0.06153], "South Quay": [51.50086, -0.01846], "Island Gardens": [51.48795, -0.01049], "King George V": [51.50201, 0.06221], "Woolwich Arsenal": [51.48991, 0.06919], "Shadwell": [51.5113, -0.05692], "London City Airport": [51.50369, 0.04787], "Pontoon Dock": [51.50222, 0.03333], "West India Quay": [51.50676, -0.02058], "Westferry": [51.50964, -0.02632], "Royal Albert": [51.50849, 0.04518], "Pudding Mill Lane": [51.53433, -0.01277], "Tower Gateway": [51.51039, -0.07441], "Star Lane": [51.5206, 0.00419], "Stratford High Street": [51.53815, -0.00108], "Stratford International": [51.54481, -0.00878], "Acton Main Line": [51.51689, -0.26769], "Brentwood": [51.61361, 0.29967], "Harold Wood": [51.5932, 0.2342], "Burnham": [51.52351, -0.64639], "Taplow": [51.52356, -0.68139], "Chadwell Heath": [51.56805, 0.1289], "Goodmayes": [51.56618, 0.11173], "Woolwich": [51.49158, 0.07182], "West Ealing": [51.51362, -0.31978], "Forest Gate": [51.54932, 0.02419], "Maryland": [51.54567, 0.00568], "Gidea Park": [51.58187, 0.20598], "Romford": [51.57464, 0.18305], "Seven Kings": [51.56399, 0.09632], "Hanwell": [51.51219, -0.33805], "Southall": [51.50596, -0.37871], "Hayes and Harlington": [51.50305, -0.42064], "Heathrow Terminals 1 2 3": [51.47129, -0.45241], "West Drayton": [51.51007, -0.47218], "Heathrow Terminal 4": [51.45978, -0.44773], "Heathrow Terminal 5": [51.47002, -0.49065], "Ilford": [51.55914, 0.06868], "Manor Park": [51.55285, 0.04572], "Iver": [51.5085, -0.50674], "Langley": [51.50806, -0.54177], "Slough": [51.51188, -0.59152], "Maidenhead": [51.51867, -0.72267], "Twyford": [51.47553, -0.86331], "Shenfield": [51.63087, 0.32995], "Reading": [51.45879, -0.97188], "Abbey Wood": [51.49078, 0.12027], "Alexandra Palace": [51.59826, -0.12015], "Bowes Park": [51.60725, -0.11979], "New Southgate": [51.61409, -0.14301], "Palmers Green": [51.61879, -0.11027], "Drayton Park": [51.55308, -0.10577], "Finsbury Park": [51.56463, -0.10588], "Enfield Chase": [51.65272, -0.0907], "Gordon Hill": [51.6635, -0.09447], "Essex Road": [51.54063, -0.09637], "Highbury and Islington": [51.5465, -0.10408], "Harringay": [51.57736, -0.10521], "Crews Hill": [51.68447, -0.10684], "Grange Park": [51.64262, -0.09731], "Hornsey": [51.58648, -0.11182], "King's Cross": [51.5308, -0.12276], "Old Street": [51.52558, -0.08762], "New Barnet": [51.64854, -0.17297], "Hadley Wood": [51.6684, -0.17658], "Oakleigh Park": [51.63768, -0.1662], "Winchmore Hill": [51.63389, -0.10092], "Castle Bar Park": [51.52297, -0.3315], "South Greenford": [51.53403, -0.33674], "Drayton Green": [51.516, -0.32961], "Angel Road": [51.61242, -0.04873], "Ponders End": [51.64273, -0.03453], "Brimsdown": [51.65525, -0.03109], "Enfield Lock": [51.67085, -0.02839], "Cheshunt": [51.70287, -0.02389], "Broxbourne": [51.74702, -0.01102], "Edmonton Green": [51.62512, -0.06164], "Waltham Cross": [51.68526, -0.02656], "Hackney Downs": [51.54908, -0.06019], "Seven Sisters": [51.58336, -0.07247], "Tottenham Hale": [51.588, -0.06019], "Lea Bridge": [51.56664, -0.03668], "Meridian Water": [51.60831, -0.05096], "Northumberland Park": [51.60202, -0.05413], "Bermondsey": [51.49796, -0.06433], "Canada Water": [51.49817, -0.05081], "Green Park": [51.50676, -0.14248], "North Greenwich": [51.50025, 0.00359], "Canons Park": [51.60765, -0.29439], "Queensbury": [51.59388, -0.28633], "Dollis Hill": [51.55185, -0.2388], "Willesden Green": [51.54937, -0.22241], "Finchley Road": [51.5471, -0.18005], "Swiss Cottage": [51.54303, -0.17563], "Kilburn": [51.54694, -0.20463], "West Hampstead": [51.54747, -0.19113], "Kingsbury": [51.58488, -0.2786], "Wembley Park": [51.56332, -0.27924], "London Bridge": [51.50467, -0.08601], "Neasden": [51.55463, -0.25012], "Southwark": [51.50385, -0.1058], "St. Johns Wood": [51.53485, -0.17406], "Stanmore": [51.61967, -0.3031], "Bushey": [51.64554, -0.38472], "Watford Junction": [51.66388, -0.39617], "Euston": [51.52866, -0.1333], "Chesham": [51.70538, -0.61143], "Croxley": [51.64701, -0.4416], "Watford": [51.6576, -0.41727], "Eastcote": [51.57655, -0.39682], "Ruislip Manor": [51.57345, -0.41285], "North Harrow": [51.58463, -0.36263], "West Harrow": [51.57892, -0.35385], "Hillingdon": [51.55378, -0.4499], "Uxbridge": [51.54646, -0.4771], "Ickenham": [51.56083, -0.44158], "Moor Park": [51.62993, -0.43291], "Pinner": [51.59236, -0.38122], "Northwick Park": [51.57851, -0.3182], "Northwood": [51.61121, -0.42384], "Northwood Hills": [51.6008, -0.40931], "Preston Road": [51.5721, -0.29497], "Ruislip": [51.57216, -0.42124], "Angel": [51.53297, -0.10558], "Archway": [51.56549, -0.13512], "Highgate": [51.57765, -0.14693], "Balham": [51.44318, -0.15268], "Clapham South": [51.45268, -0.14798], "Belsize Park": [51.55019, -0.16397], "Hampstead": [51.55654, -0.17802], "Borough": [51.50105, -0.0942], "Brent Cross": [51.5766, -0.21334], "Hendon Central": [51.58313, -0.22673], "Burnt Oak": [51.60255, -0.26433], "Edgware": [51.61423, -0.27509], "Camden Town": [51.53997, -0.14245], "Chalk Farm": [51.54415, -0.15373], "Kentish Town": [51.55001, -0.14047], "Leicester Square": [51.51129, -0.12824], "Clapham Common": [51.4618, -0.13832], "Clapham North": [51.46492, -0.12991], "Stockwell": [51.47216, -0.12285], "Colindale": [51.59523, -0.25029], "Colliers Wood": [51.41876, -0.17742], "Tooting Broadway": [51.42705, -0.16869], "East Finchley": [51.58733, -0.16474], "Finchley Central": [51.6009, -0.19322], "Mill Hill East": [51.60832, -0.2099], "Mornington Crescent": [51.53436, -0.13874], "West Finchley": [51.60926, -0.18892], "Golders Green": [51.57222, -0.19483], "Goodge Street": [51.52061, -0.13481], "Warren Street": [51.52458, -0.13828], "Kennington": [51.48866, -0.10507], "Nine Elms": [51.48, -0.1285], "Tufnell Park": [51.55644, -0.13774], "Morden": [51.40219, -0.19485], "South Wimbledon": [51.41536, -0.19198], "Battersea Power Station": [51.4795, -0.142], "Oval": [51.48141, -0.11332], "Tooting Bec": [51.43584, -0.1597], "Totteridge and Whetstone": [51.63025, -0.17935], "High Barnet": [51.65169, -0.19417], "Woodside Park": [51.61787, -0.18543], "Acton Central": [51.50876, -0.26343], "Anerley": [51.41252, -0.06514], "Norwood Junction": [51.39695, -0.07521], "Cambridge Heath": [51.53206, -0.0572], "Blackhorse Road": [51.58578, -0.03963], "Walthamstow Queens Road": [51.58155, -0.02384], "Brockley": [51.46475, -0.03775], "Honor Oak Park": [51.45065, -0.04415], "Brondesbury": [51.54526, -0.20284], "Brondesbury Park": [51.54033, -0.21047], "Bruce Grove": [51.59401, -0.0704], "White Hart Lane": [51.60504, -0.07087], "Bush Hill Park": [51.64148, -0.06928], "Enfield Town": [51.65197, -0.07933], "Carpenders Park": [51.62819, -0.38583], "Caledonian Road and Barnsbury": [51.54328, -0.11521], "London Fields": [51.54072, -0.0577], "Camden Road": [51.54185, -0.1392], "Surrey Quays": [51.49327, -0.04753], "Canonbury": [51.54819, -0.09257], "Dalston Junction": [51.54609, -0.07499], "Dalston Kingsland": [51.54867, -0.07623], "Hatch End": [51.60983, -0.36918], "Clapham High Street": [51.46547, -0.13246], "Wandsworth Road": [51.47022, -0.13904], "Clapton": [51.56157, -0.05749], "St James Street": [51.58061, -0.03281], "Crouch Hill": [51.57133, -0.11713], "Harringay Green Lanes": [51.57715, -0.09822], "Haggerston": [51.53869, -0.0756], "Hackney Central": [51.54726, -0.05559], "Denmark Hill": [51.4682, -0.09099], "Southbury": [51.64843, -0.05298], "Emerson Park": [51.56912, 0.22022], "Finchley Road and Frognal": [51.55012, -0.18365], "Hampstead Heath": [51.5552, -0.16457], "Forest Hill": [51.43931, -0.05333], "Sydenham": [51.42734, -0.05509], "Gospel Oak": [51.55541, -0.1513], "Kentish Town West": [51.54655, -0.14676], "Upper Holloway": [51.56362, -0.12911], "South Acton": [51.49969, -0.27021], "Homerton": [51.5466, -0.03851], "Rectory Road": [51.55876, -0.06839], "Hackney Wick": [51.54356, -0.02526], "Hoxton": [51.53139, -0.07559], "South Tottenham": [51.5804, -0.07186], "Headstone Lane": [51.6025, -0.35691], "Highams Park": [51.60836, -0.00014], "Chingford": [51.63325, 0.00951], "Shoreditch High Street": [51.52347, -0.07709], "Imperial Wharf": [51.47494, -0.18284], "Clapham Junction": [51.46437, -0.17032], "Kensal Rise": [51.53422, -0.22082], "Kilburn High Road": [51.53727, -0.19111], "South Hampstead": [51.54148, -0.17837], "Leyton Midland Road": [51.56936, -0.00807], "Leytonstone High Road": [51.56381, 0.00825], "Wanstead Park": [51.55178, 0.02639], "New Cross Gate": [51.47527, -0.03953], "West Croydon": [51.37855, -0.10203], "Peckham Rye": [51.46951, -0.06998], "Penge West": [51.41806, -0.06065], "Queens Road Peckham": [51.47428, -0.05735], "Stoke Newington": [51.56464, -0.07233], "Rotherhithe": [51.5016, -0.05297], "Wapping": [51.50434, -0.05586], "Silver Street": [51.61524, -0.07259], "Turkey Street": [51.67265, -0.04723], "Walthamstow Central": [51.58302, -0.01994], "Stamford Hill": [51.57445, -0.07667], "New Cross": [51.47643, -0.03228], "Crystal Palace": [51.41817, -0.07261], "Theobalds Grove": [51.69237, -0.03475], "Wood Street": [51.58667, -0.00195], "Woodgrange Park": [51.54905, 0.04457], "Watford High Street": [51.65265, -0.3917], "South Ealing": [51.50164, -0.30704], "Alperton": [51.54121, -0.29952], "Sudbury Town": [51.5514, -0.31634], "Arnos Grove": [51.61623, -0.13427], "Bounds Green": [51.60703, -0.12418], "Arsenal": [51.55854, -0.1055], "Holloway Road": [51.55282, -0.11294], "Boston Manor": [51.49577, -0.32475], "Osterley": [51.48122, -0.3521], "Wood Green": [51.59745, -0.10953], "Caledonian Road": [51.54789, -0.11836], "Cockfosters": [51.65202, -0.14992], "Oakwood": [51.64764, -0.13185], "Covent Garden": [51.51276, -0.12451], "North Ealing": [51.51762, -0.28899], "Hyde Park Corner": [51.50258, -0.15247], "Hatton Cross": [51.46668, -0.42338], "Hounslow Central": [51.47093, -0.36596], "Hounslow West": [51.47311, -0.38571], "Hounslow East": [51.47371, -0.35528], "Knightsbridge": [51.50135, -0.16066], "Russell Square": [51.52301, -0.12459], "Manor House": [51.57075, -0.09569], "Park Royal": [51.52683, -0.28493], "Northfields": [51.50049, -0.31506], "Southgate": [51.63238, -0.12777], "Rayners Lane": [51.5754, -0.37106], "South Harrow": [51.56468, -0.35189], "Sudbury Hill": [51.55734, -0.33639], "Turnpike Lane": [51.59036, -0.1028], "Barnes": [51.46713, -0.24203], "Putney": [51.46095, -0.2166], "Barnes Bridge": [51.47223, -0.25236], "Berrylands": [51.39877, -0.28032], "Surbiton": [51.3926, -0.30439], "Brentford": [51.48754, -0.30962], "Kew Bridge": [51.49, -0.28885], "Chessington North": [51.36424, -0.30048], "Chessington South": [51.3567, -0.30709], "Chiswick": [51.48078, -0.26701], "Earlsfield": [51.44224, -0.18727], "Feltham": [51.44788, -0.40982], "Hounslow": [51.46251, -0.3618], "Fulwell": [51.43394, -0.34944], "Hampton": [51.41588, -0.37213], "Hampton Wick": [51.41464, -0.3131], "Teddington": [51.4245, -0.33271], "Isleworth": [51.47504, -0.33733], "Syon Lane": [51.48148, -0.32649], "Kingston": [51.41264, -0.30114], "Malden Manor": [51.38461, -0.26112], "Tolworth": [51.37684, -0.27962], "Mortlake": [51.46817, -0.2672], "Motspur Park": [51.39532, -0.23944], "Worcester Park": [51.3811, -0.24557], "New Malden": [51.40356, -0.25622], "Norbiton": [51.41191, -0.2842], "North Sheen": [51.46542, -0.2864], "Wandsworth Town": [51.46103, -0.18791], "Queenstown Road": [51.47496, -0.14735], "Raynes Park": [51.40937, -0.22991], "St Margarets": [51.45521, -0.32132], "Stoneleigh": [51.36336, -0.24871], "Ewell West": [51.34999, -0.25709], "Strawberry Hill": [51.43975, -0.33962], "Twickenham": [51.45025, -0.32886], "Thames Ditton": [51.38862, -0.33829], "Hampton Court": [51.40229, -0.34276], "Whitton": [51.44959, -0.35768], "Vauxhall": [51.48574, -0.12383], "Belvedere": [51.49196, 0.15203], "Albany Park": [51.43582, 0.12645], "Bexley": [51.44082, 0.1482], "Barnehurst": [51.46478, 0.16095], "Slade Green": [51.46775, 0.19052], "Beckenham Junction": [51.41094, -0.0257], "Shortlands": [51.4056, 0.00277], "Erith": [51.48165, 0.17426], "Crayford": [51.44855, 0.1785], "Bexleyheath": [51.46355, 0.13336], "Bickley": [51.40038, 0.0443], "Petts Wood": [51.3886, 0.07448], "St Mary Cray": [51.39476, 0.10722], "Blackheath": [51.46541, 0.00834], "Charlton": [51.48683, 0.03094], "Kidbrooke": [51.46269, 0.0283], "Brixton": [51.46274, -0.11455], "Herne Hill": [51.45399, -0.10256], "Bromley South": [51.4, 0.01736], "Catford Bridge": [51.4447, -0.02482], "Lower Sydenham": [51.42485, -0.03333], "Waterloo East": [51.50417, -0.10915], "Woolwich Dockyard": [51.49111, 0.05461], "Chelsfield": [51.35627, 0.10898], "Knockholt": [51.34575, 0.13083], "Chislehurst": [51.4056, 0.05749], "Clock House": [51.40854, -0.0407], "Elmers End": [51.39829, -0.04946], "Deptford": [51.47889, -0.0262], "Eden Park": [51.3908, -0.02667], "West Wickham": [51.38128, -0.01458], "Elmstead Woods": [51.41708, 0.04423], "Eltham": [51.45566, 0.05233], "Falconwood": [51.45909, 0.07851], "Welling": [51.46478, 0.10178], "Maze Hill": [51.48301, 0.0032], "Grove Park": [51.43043, 0.0226], "Sundridge Park": [51.41339, 0.02037], "West Dulwich": [51.44091, -0.09067], "Hither Green": [51.4524, -0.00097], "Lee": [51.44946, 0.01337], "Kent House": [51.41272, -0.04582], "Ladywell": [51.45619, -0.01924], "Mottingham": [51.43982, 0.05032], "New Beckenham": [51.41671, -0.03531], "Westcombe Park": [51.48451, 0.01775], "New Eltham": [51.43769, 0.07045], "St Johns": [51.46898, -0.02324], "Sidcup": [51.4344, 0.10332], "Nunhead": [51.46658, -0.05368], "Orpington": [51.37352, 0.08903], "Penge East": [51.41998, -0.0545], "Plumstead": [51.48979, 0.0843], "Bromley North": [51.40894, 0.01724], "Sydenham Hill": [51.43258, -0.08023], "Hayes": [51.37574, 0.01014], "Mitcham Eastfields": [51.40838, -0.154], "Streatham Common": [51.41898, -0.13573], "Streatham Hill": [51.43846, -0.12768], "Tooting": [51.4199, -0.161], "Banstead": [51.32929, -0.21313], "Epsom Downs": [51.32366, -0.23897], "Battersea Park": [51.47732, -0.14812], "Belmont": [51.34412, -0.19949], "Birkbeck": [51.40386, -0.05629], "Carshalton": [51.36843, -0.1664], "Sutton": [51.35951, -0.1913], "Carshalton Beeches": [51.35739, -0.1695], "Cheam": [51.35546, -0.21421], "Ewell East": [51.34524, -0.2415], "Chipstead": [51.30927, -0.16945], "Kingswood": [51.29472, -0.21123], "Wandsworth Common": [51.44637, -0.16354], "Coulsdon Town": [51.32245, -0.13435], "Woodmansterne": [51.31902, -0.15426], "Gipsy Hill": [51.42447, -0.08384], "East Croydon": [51.37572, -0.09186], "South Croydon": [51.36275, -0.09252], "East Dulwich": [51.46163, -0.08044], "West Norwood": [51.43124, -0.10319], "Hackbridge": [51.37786, -0.15388], "Haydons Road": [51.42546, -0.18893], "Kenley": [51.3246, -0.10122], "Whyteleafe": [51.30993, -0.08113], "Tadworth": [51.29163, -0.23601], "Mitcham Junction": [51.39304, -0.15744], "Morden South": [51.39631, -0.2003], "St Helier": [51.38991, -0.19901], "Norbury": [51.41119, -0.1228], "Thornton Heath": [51.39848, -0.10043], "North Dulwich": [51.45448, -0.08792], "Purley": [51.33736, -0.11361], "Coulsdon South": [51.3158, -0.1379], "Reedham": [51.33144, -0.1234], "Purley Oaks": [51.34699, -0.09882], "South Bermondsey": [51.48768, -0.05475], "Riddlesdown": [51.33268, -0.09949], "Upper Warlingham": [51.30877, -0.07748], "Sanderstead": [51.34825, -0.09371], "Selhurst": [51.39219, -0.0899], "South Merton": [51.40324, -0.20555], "Sutton Common": [51.37555, -0.19692], "Streatham": [51.42585, -0.13232], "West Sutton": [51.36615, -0.20464], "Tattenham Corner": [51.30918, -0.24257], "Tulse Hill": [51.4398, -0.10512], "Waddon": [51.36738, -0.11739], "Wallington": [51.36033, -0.15086], "Whyteleafe South": [51.30349, -0.07671], "Caterham": [51.28216, -0.07861], "Wimbledon Chase": [51.40953, -0.21409], "Beckenham Hill": [51.42463, -0.0165], "Bellingham": [51.43387, -0.02041], "Catford": [51.44427, -0.02654], "City Thameslink": [51.51393, -0.10362], "Crofton Park": [51.45518, -0.03655], "Cricklewood": [51.55842, -0.21255], "Hendon": [51.58008, -0.23863], "St Pancras": [51.53055, -0.12551], "Mill Hill Broadway": [51.61287, -0.24954], "Loughborough Junction": [51.46668, -0.1025], "West Hampstead Thameslink": [51.54863, -0.19254], "Elstree and Borehamwood": [51.65288, -0.27983], "Ravensbourne": [51.41387, -0.00694], "Addington Village": [51.35624, -0.03266], "Fieldway": [51.35132, -0.0245], "Addiscombe": [51.37981, -0.07321], "Blackhorse Lane": [51.38475, -0.07053], "Ampere Way": [51.3823, -0.12364], "Waddon Marsh": [51.37708, -0.11799], "Arena": [51.39152, -0.05832], "Harrington Road": [51.39979, -0.0607], "Avenue Road": [51.4068, -0.04945], "Beckenham Road": [51.40953, -0.04339], "Beddington Lane": [51.38924, -0.14214], "Therapia Lane": [51.38569, -0.12902], "Belgrave Walk": [51.40096, -0.1785], "Mitcham": [51.39749, -0.17087], "Woodside": [51.3871, -0.06535], "Centrale": [51.37577, -0.10389], "Church Street": [51.37371, -0.10435], "Coombe Lane": [51.35979, -0.05953], "Gravel Hill": [51.35454, -0.04312], "Dundonald Road": [51.4174, -0.20753], "Merton Park": [51.41339, -0.20134], "George Street": [51.37397, -0.09872], "Lebanon Road": [51.3752, -0.08497], "King Henry's Drive": [51.34536, -0.02027], "New Addington": [51.34259, -0.01738], "Sandilands": [51.37502, -0.07803], "Lloyd Park": [51.36428, -0.08075], "Morden Road": [51.40887, -0.19281], "Phipps Bridge": [51.40338, -0.1823], "Reeves Corner": [51.37528, -0.10638], "Wandle Park": [51.3734, -0.11325], "Wellesley Road": [51.37537, -0.09753], "Pimlico": [51.48955, -0.13311]}