{"Baker Street": ["Regents Park", "Marylebone", "Bond Street", "Great Portland Street", "Edgware Road (Circle/District/Hammersmith and City)", "Finchley Road", "St. Johns Wood"], "Regents Park": ["Baker Street", "Oxford Circus"], "Charing Cross": ["Embankment", "Piccadilly Circus", "Leicester Square", "Waterloo East"], "Embankment": ["Charing Cross", "Waterloo", "Temple", "Westminster"], "Edgware Road (Bakerloo)": ["Marylebone", "Paddington"], "Marylebone": ["Baker Street", "Edgware Road (Bakerloo)", "Harrow-on-the-Hill", "Wembley Stadium"], "Waterloo": ["Embankment", "Lambeth North", "Bank", "Westminster", "Southwark", "Kennington", "Vauxhall"], "Harlesden": ["Willesden Junction", "Stonebridge Park"], "Willesden Junction": ["Harlesden", "Kensal Green", "Shepherds Bush", "Acton Central", "Kensal Rise"], "Harrow and Wealdstone": ["Kenton", "Wembley Central", "Bushey", "Watford Junction", "Headstone Lane"], "Kenton": ["Harrow and Wealdstone", "South Kenton"], "Kensal Green": ["Willesden Junction", "Queens Park"], "Queens Park": ["Kensal Green", "Kilburn Park", "Kilburn High Road"], "South Kenton": ["Kenton", "North Wembley"], "Kilburn Park": ["Queens Park", "Maida Vale"], "Maida Vale": ["Kilburn Park", "Warwick Avenue"], "Lambeth North": ["Waterloo", "Elephant and Castle"], "Elephant and Castle": ["Lambeth North", "Blackfriars", "Borough", "Kennington", "Denmark Hill", "Loughborough Junction"], "Warwick Avenue": ["Maida Vale", "Paddington"], "North Wembley": ["South Kenton", "Wembley Central"], "Wembley Central": ["Harrow and Wealdstone", "North Wembley", "Stonebridge Park", "Shepherds Bush", "Euston"], "Oxford Circus": ["Regents Park", "Piccadilly Circus", "Bond Street", "Tottenham Court Road", "Green Park", "Warren Street"], "Piccadilly Circus": ["Charing Cross", "Oxford Circus", "Green Park", "Leicester Square"], "Paddington": ["Edgware Road (Bakerloo)", "Warwick Avenue", "Bond Street", "South Ruislip", "Ealing Broadway", "Bayswater", "Edgware Road (Circle/District/Hammersmith and City)", "Royal Oak", "Acton Main Line", "Heathrow Terminals 1 2 3"], "Stonebridge Park": ["Harlesden", "Wembley Central"], "Barking": ["Dagenham Dock", "Upminster", "Stratford", "West Ham", "East Ham", "Upney", "Woodgrange Park"], "Dagenham Dock": ["Barking", "Purfleet", "Rainham"], "Upminster": ["Barking", "Ockendon", "Upminster Bridge", "Emerson Park"], "Purfleet": ["Dagenham Dock"], "Rainham": ["Dagenham Dock"], "Fenchurch Street": ["Limehouse", "Stratford"], "Limehouse": ["Fenchurch Street", "West Ham", "Shadwell", "Westferry"], "Stratford": ["Barking", "Fenchurch Street", "West Ham", "Liverpool Street", "Leyton", "Mile End", "Whitechapel", "Pudding Mill Lane", "Stratford High Street", "Stratford International", "Maryland", "Seven Kings", "Lea Bridge", "Hackney Wick"], "West Ham": ["Barking", "Limehouse", "Stratford", "Bromley-by-Bow", "Plaistow", "Abbey Road", "Canning Town", "Star Lane"], "Liverpool Street": ["Stratford", "Bank", "Bethnal Green", "Aldgate", "Moorgate", "Farringdon", "Aldgate East", "Whitechapel", "Hackney Downs"], "Ockendon": ["Upminster", "Chafford Hundred"], "Chafford Hundred": ["Ockendon"], "Bank": ["Waterloo", "Liverpool Street", "St. Pauls", "Moorgate", "Shadwell", "London Bridge"], "St. Pauls": ["Bank", "Chancery Lane"], "Barkingside": ["Fairlop", "Newbury Park"], "Fairlop": ["Barkingside", "Hainault"], "Bethnal Green": ["Liverpool Street", "Mile End", "Cambridge Heath"], "Bond Street": ["Baker Street", "Oxford Circus", "Paddington", "Marble Arch", "Tottenham Court Road", "Green Park"], "Marble Arch": ["Bond Street", "Lancaster Gate"], "Buckhurst Hill": ["Woodford", "Loughton"], "Woodford": ["Buckhurst Hill", "South Woodford"], "Chancery Lane": ["St. Pauls", "Holborn"], "Holborn": ["Chancery Lane", "Tottenham Court Road", "Covent Garden", "Russell Square"], "Chigwell": ["Roding Valley", "Grange Hill"], "Roding Valley": ["Chigwell"], "Debden": ["Loughton", "Theydon Bois"], "Loughton": ["Buckhurst Hill", "Debden"], "East Acton": ["North Acton", "White City"], "North Acton": ["East Acton", "Hanger Lane", "West Acton"], "Epping": ["Theydon Bois"], "Theydon Bois": ["Debden", "Epping"], "Hainault": ["Fairlop", "Grange Hill"], "Gants Hill": ["Newbury Park", "Redbridge"], "Newbury Park": ["Barkingside", "Gants Hill"], "Grange Hill": ["Chigwell", "Hainault"], "Greenford": ["Northolt", "Perivale", "South Greenford"], "Northolt": ["Greenford", "South Ruislip"], "Hanger Lane": ["North Acton", "Perivale"], "Perivale": ["Greenford", "Hanger Lane"], "Tottenham Court Road": ["Oxford Circus", "Bond Street", "Holborn", "Farringdon", "Leicester Square", "Goodge Street"], "Holland Park": ["Shepherds Bush", "Notting Hill Gate"], "Shepherds Bush": ["Willesden Junction", "Wembley Central", "Holland Park", "White City", "Kensington (Olympia)"], "Lancaster Gate": ["Marble Arch", "Queensway"], "Queensway": ["Lancaster Gate", "Notting Hill Gate"], "Leyton": ["Stratford", "Leytonstone"], "Leytonstone": ["Leyton", "Wanstead", "Snaresbrook"], "Wanstead": ["Leytonstone", "Redbridge"], "Mile End": ["Stratford", "Bethnal Green", "Stepney Green", "Bow Road"], "West Acton": ["North Acton", "Ealing Broadway"], "South Ruislip": ["Paddington", "Northolt", "Ruislip Gardens", "West Ruislip", "Northolt Park"], "Notting Hill Gate": ["Holland Park", "Queensway", "Bayswater", "High Street Kensington"], "Redbridge": ["Gants Hill", "Wanstead"], "Ruislip Gardens": ["South Ruislip", "West Ruislip"], "West Ruislip": ["South Ruislip", "Ruislip Gardens"], "White City": ["East Acton", "Shepherds Bush"], "Snaresbrook": ["Leytonstone", "South Woodford"], "South Woodford": ["Woodford", "Snaresbrook"], "Ealing Broadway": ["Paddington", "West Acton", "Ealing Common", "Acton Main Line", "West Ealing"], "Chalfont and Latimer": ["Amersham", "Chorleywood", "Chesham"], "Amersham": ["Chalfont and Latimer"], "Chorleywood": ["Chalfont and Latimer", "Rickmansworth"], "Harrow-on-the-Hill": ["Marylebone", "Rickmansworth", "North Harrow", "West Harrow", "Northwick Park"], "Rickmansworth": ["Chorleywood", "Harrow-on-the-Hill", "Moor Park"], "Wembley Stadium": ["Marylebone", "Sudbury and Harrow Road"], "Northolt Park": ["South Ruislip", "Sudbury Hill Harrow"], "Sudbury and Harrow Road": ["Wembley Stadium", "Sudbury Hill Harrow"], "Sudbury Hill Harrow": ["Northolt Park", "Sudbury and Harrow Road"], "Aldgate": ["Liverpool Street", "Tower Hill"], "Tower Hill": ["Aldgate", "Monument", "Aldgate East"], "Great Portland Street": ["Baker Street", "Euston Square"], "Barbican": ["Moorgate", "Farringdon"], "Moorgate": ["Liverpool Street", "Bank", "Barbican", "Old Street"], "Bayswater": ["Paddington", "Notting Hill Gate"], "Blackfriars": ["Elephant and Castle", "Temple", "Mansion House", "City Thameslink"], "Temple": ["Embankment", "Blackfriars"], "Cannon Street": ["Mansion House", "Monument", "London Bridge"], "Mansion House": ["Blackfriars", "Cannon Street"], "Edgware Road (Circle/District/Hammersmith and City)": ["Baker Street", "Paddington"], "Westminster": ["Embankment", "Waterloo", "St. James's Park", "Green Park"], "Euston Square": ["Great Portland Street", "Kings Cross St. Pancras"], "Kings Cross St. Pancras": ["Euston Square", "Farringdon", "Highbury and Islington", "Euston", "Angel", "Caledonian Road", "Russell Square"], "Farringdon": ["Liverpool Street", "Tottenham Court Road", "Barbican", "Kings Cross St. Pancras", "City Thameslink", "St Pancras"], "Gloucester Road": ["High Street Kensington", "South Kensington", "Earls Court"], "High Street Kensington": ["Notting Hill Gate", "Gloucester Road", "Earls Court"], "Goldhawk Road": ["Shepherds Bush Market", "Hammersmith (Met.)"], "Shepherds Bush Market": ["Goldhawk Road", "Wood Lane"], "Hammersmith (Met.)": ["Goldhawk Road"], "Ladbroke Grove": ["Westbourne Park", "Latimer Road"], "Westbourne Park": ["Ladbroke Grove", "Royal Oak"], "Latimer Road": ["Ladbroke Grove", "Wood Lane"], "Monument": ["Tower Hill", "Cannon Street"], "Royal Oak": ["Paddington", "Westbourne Park"], "Wood Lane": ["Shepherds Bush Market", "Latimer Road"], "Sloane Square": ["South Kensington", "Victoria"], "South Kensington": ["Gloucester Road", "Sloane Square", "Knightsbridge"], "St. James's Park": ["Westminster", "Victoria"], "Victoria": ["Sloane Square", "St. James's Park", "Green Park", "Denmark Hill", "Brixton", "Battersea Park", "Pimlico"], "Acton Town": ["Ealing Common", "Chiswick Park", "Turnham Green", "South Ealing"], "Ealing Common": ["Ealing Broadway", "Acton Town", "North Ealing"], "Aldgate East": ["Liverpool Street", "Tower Hill", "Whitechapel"], "East Ham": ["Barking", "Upton Park"], "Barons Court": ["Hammersmith (District)", "Earls Court", "West Kensington"], "Hammersmith (District)": ["Barons Court", "Ravenscourt Park", "Turnham Green"], "Becontree": ["Upney", "Dagenham Heathway"], "Upney": ["Barking", "Becontree"], "Bow Church": ["Stepney Green", "Bow Road", "Devons Road", "Pudding Mill Lane"], "Stepney Green": ["Mile End", "Bow Church", "Whitechapel"], "Bow Road": ["Mile End", "Bow Church", "Bromley-by-Bow"], "Bromley-by-Bow": ["West Ham", "Bow Road"], "Chiswick Park": ["Acton Town", "Turnham Green"], "Dagenham East": ["Dagenham Heathway", "Elm Park"], "Dagenham Heathway": ["Becontree", "Dagenham East"], "Earls Court": ["Gloucester Road", "High Street Kensington", "Barons Court", "Kensington (Olympia)", "West Brompton", "West Kensington"], "Kensington (Olympia)": ["Shepherds Bush", "Earls Court", "West Brompton"], "West Brompton": ["Earls Court", "Kensington (Olympia)", "Fulham Broadway", "Imperial Wharf"], "West Kensington": ["Barons Court", "Earls Court"], "Upton Park": ["East Ham", "Plaistow"], "East Putney": ["Southfields", "Putney Bridge"], "Southfields": ["East Putney", "Wimbledon Park"], "Elm Park": ["Dagenham East", "Hornchurch"], "Fulham Broadway": ["West Brompton", "Parsons Green"], "Parsons Green": ["Fulham Broadway", "Putney Bridge"], "Gunnersbury": ["Kew Gardens", "Turnham Green", "South Acton"], "Kew Gardens": ["Gunnersbury", "Richmond"], "Ravenscourt Park": ["Hammersmith (District)", "Stamford Brook"], "Hornchurch": ["Elm Park", "Upminster Bridge"], "Richmond": ["Kew Gardens", "North Sheen", "St Margarets"], "Putney Bridge": ["East Putney", "Parsons Green"], "Plaistow": ["West Ham", "Upton Park"], "Stamford Brook": ["Ravenscourt Park", "Turnham Green"], "Wimbledon Park": ["Southfields", "Wimbledon"], "Turnham Green": ["Acton Town", "Hammersmith (District)", "Chiswick Park", "Gunnersbury", "Stamford Brook"], "Whitechapel": ["Stratford", "Liverpool Street", "Aldgate East", "Stepney Green", "Canary Wharf", "Shadwell", "Shoreditch High Street"], "Upminster Bridge": ["Upminster", "Hornchurch"], "Wimbledon": ["Wimbledon Park", "Earlsfield", "Raynes Park", "Haydons Road", "Wimbledon Chase", "Dundonald Road"], "Abbey Road": ["West Ham", "Stratford High Street"], "All Saints": ["Poplar", "Langdon Park"], "Poplar": ["All Saints", "Blackwall", "West India Quay", "Westferry"], "Beckton Park": ["Cyprus", "Royal Albert"], "Cyprus": ["Beckton Park", "Gallions Reach"], "Blackwall": ["Poplar", "East India"], "East India": ["Blackwall", "Canning Town"], "Devons Road": ["Bow Church", "Langdon Park"], "Canary Wharf": ["Whitechapel", "Heron Quays", "Custom House", "West India Quay", "Canada Water", "North Greenwich"], "Heron Quays": ["Canary Wharf", "South Quay"], "Canning Town": ["West Ham", "East India", "Royal Victoria", "West Silvertown", "Star Lane", "North Greenwich"], "Royal Victoria": ["Canning Town", "Custom House"], "West Silvertown": ["Canning Town", "Pontoon Dock"], "Crossharbour and London Arena": ["Mudchute", "South Quay"], "Mudchute": ["Crossharbour and London Arena", "Island Gardens"], "Custom House": ["Canary Wharf", "Royal Victoria", "Prince Regent", "Woolwich"], "Prince Regent": ["Custom House", "Royal Albert"], "Cutty Sark for Maritime Greenwich": ["Greenwich", "Island Gardens"], "Greenwich": ["Cutty Sark for Maritime Greenwich", "Deptford Bridge", "Deptford", "Maze Hill"], "Gallions Reach": ["Cyprus", "Beckton"], "Deptford Bridge": ["Greenwich", "Elverson Road"], "Elverson Road": ["Deptford Bridge", "Lewisham"], "Langdon Park": ["All Saints", "Devons Road"], "Lewisham": ["Elverson Road", "Blackheath", "Hither Green", "Ladywell", "St Johns", "Nunhead"], "Beckton": ["Gallions Reach"], "South Quay": ["Heron Quays", "Crossharbour and London Arena"], "Island Gardens": ["Mudchute", "Cutty Sark for Maritime Greenwich"], "King George V": ["Woolwich Arsenal", "London City Airport"], "Woolwich Arsenal": ["King George V", "Woolwich Dockyard", "Plumstead"], "Shadwell": ["Limehouse", "Bank", "Whitechapel", "Tower Gateway", "Wapping"], "London City Airport": ["King George V", "Pontoon Dock"], "Pontoon Dock": ["West Silvertown", "London City Airport"], "West India Quay": ["Poplar", "Canary Wharf"], "Westferry": ["Limehouse", "Poplar"], "Royal Albert": ["Beckton Park", "Prince Regent"], "Pudding Mill Lane": ["Stratford", "Bow Church"], "Tower Gateway": ["Shadwell"], "Star Lane": ["West Ham", "Canning Town"], "Stratford High Street": ["Stratford", "Abbey Road"], "Stratford International": ["Stratford"], "Acton Main Line": ["Paddington", "Ealing Broadway"], "Brentwood": ["Harold Wood", "Shenfield"], "Harold Wood": ["Brentwood", "Gidea Park"], "Burnham": ["Taplow", "Slough"], "Taplow": ["Burnham", "Maidenhead"], "Chadwell Heath": ["Goodmayes", "Romford"], "Goodmayes": ["Chadwell Heath", "Seven Kings"], "Woolwich": ["Custom House", "Abbey Wood"], "West Ealing": ["Ealing Broadway", "Hanwell", "Drayton Green"], "Forest Gate": ["Maryland", "Manor Park"], "Maryland": ["Stratford", "Forest Gate"], "Gidea Park": ["Harold Wood", "Romford"], "Romford": ["Chadwell Heath", "Gidea Park", "Seven Kings", "Emerson Park"], "Seven Kings": ["Stratford", "Goodmayes", "Romford", "Ilford"], "Hanwell": ["West Ealing", "Southall"], "Southall": ["Hanwell", "Hayes and Harlington"], "Hayes and Harlington": ["Southall", "Heathrow Terminals 1 2 3", "West Drayton"], "Heathrow Terminals 1 2 3": ["Paddington", "Hayes and Harlington", "Heathrow Terminal 4", "Heathrow Terminal 5", "Hatton Cross"], "West Drayton": ["Hayes and Harlington", "Iver"], "Heathrow Terminal 4": ["Heathrow Terminals 1 2 3", "Hatton Cross"], "Heathrow Terminal 5": ["Heathrow Terminals 1 2 3", "Reading"], "Ilford": ["Seven Kings", "Manor Park"], "Manor Park": ["Forest Gate", "Ilford"], "Iver": ["West Drayton", "Langley"], "Langley": ["Iver", "Slough"], "Slough": ["Burnham", "Langley"], "Maidenhead": ["Taplow", "Twyford"], "Twyford": ["Maidenhead", "Reading"], "Shenfield": ["Brentwood"], "Reading": ["Heathrow Terminal 5", "Twyford"], "Abbey Wood": ["Woolwich", "Belvedere", "Plumstead"], "Alexandra Palace": ["Bowes Park", "New Southgate", "Hornsey"], "Bowes Park": ["Alexandra Palace", "Palmers Green"], "New Southgate": ["Alexandra Palace", "Oakleigh Park"], "Palmers Green": ["Bowes Park", "Winchmore Hill"], "Drayton Park": ["Finsbury Park", "Highbury and Islington"], "Finsbury Park": ["Drayton Park", "Highbury and Islington", "Harringay", "King's Cross", "Seven Sisters", "Arsenal", "Manor House"], "Enfield Chase": ["Gordon Hill", "Grange Park"], "Gordon Hill": ["Enfield Chase", "Crews Hill"], "Essex Road": ["Highbury and Islington", "Old Street"], "Highbury and Islington": ["Kings Cross St. Pancras", "Drayton Park", "Finsbury Park", "Essex Road", "Caledonian Road and Barnsbury", "Canonbury"], "Harringay": ["Finsbury Park", "Hornsey"], "Crews Hill": ["Gordon Hill"], "Grange Park": ["Enfield Chase", "Winchmore Hill"], "Hornsey": ["Alexandra Palace", "Harringay"], "King's Cross": ["Finsbury Park"], "Old Street": ["Moorgate", "Essex Road", "Angel"], "New Barnet": ["Hadley Wood", "Oakleigh Park"], "Hadley Wood": ["New Barnet"], "Oakleigh Park": ["New Southgate", "New Barnet"], "Winchmore Hill": ["Palmers Green", "Grange Park"], "Castle Bar Park": ["South Greenford", "Drayton Green"], "South Greenford": ["Greenford", "Castle Bar Park"], "Drayton Green": ["West Ealing", "Castle Bar Park"], "Angel Road": ["Ponders End", "Meridian Water"], "Ponders End": ["Angel Road", "Brimsdown"], "Brimsdown": ["Ponders End", "Enfield Lock"], "Enfield Lock": ["Brimsdown", "Waltham Cross"], "Cheshunt": ["Broxbourne", "Edmonton Green", "Waltham Cross", "Theobalds Grove"], "Broxbourne": ["Cheshunt"], "Edmonton Green": ["Cheshunt", "Seven Sisters", "Bush Hill Park", "Southbury", "Silver Street"], "Waltham Cross": ["Enfield Lock", "Cheshunt"], "Hackney Downs": ["Liverpool Street", "Seven Sisters", "Tottenham Hale", "London Fields", "Clapton", "Rectory Road"], "Seven Sisters": ["Finsbury Park", "Edmonton Green", "Hackney Downs", "Tottenham Hale", "Bruce Grove", "Stamford Hill"], "Tottenham Hale": ["Hackney Downs", "Seven Sisters", "Lea Bridge", "Northumberland Park", "Blackhorse Road"], "Lea Bridge": ["Stratford", "Tottenham Hale"], "Meridian Water": ["Angel Road", "Northumberland Park"], "Northumberland Park": ["Tottenham Hale", "Meridian Water"], "Bermondsey": ["Canada Water", "London Bridge"], "Canada Water": ["Canary Wharf", "Bermondsey", "Surrey Quays", "Rotherhithe"], "Green Park": ["Oxford Circus", "Piccadilly Circus", "Bond Street", "Westminster", "Victoria", "Hyde Park Corner"], "North Greenwich": ["Canary Wharf", "Canning Town"], "Canons Park": ["Queensbury", "Stanmore"], "Queensbury": ["Canons Park", "Kingsbury"], "Dollis Hill": ["Willesden Green", "Neasden"], "Willesden Green": ["Dollis Hill", "Kilburn"], "Finchley Road": ["Baker Street", "Swiss Cottage", "West Hampstead", "Wembley Park"], "Swiss Cottage": ["Finchley Road", "St. Johns Wood"], "Kilburn": ["Willesden Green", "West Hampstead"], "West Hampstead": ["Finchley Road", "Kilburn", "Brondesbury", "Finchley Road and Frognal"], "Kingsbury": ["Queensbury", "Wembley Park"], "Wembley Park": ["Finchley Road", "Kingsbury", "Neasden", "Preston Road"], "London Bridge": ["Bank", "Cannon Street", "Bermondsey", "Southwark", "Borough", "New Cross Gate", "New Cross", "Waterloo East", "Deptford", "East Croydon", "South Bermondsey"], "Neasden": ["Dollis Hill", "Wembley Park"], "Southwark": ["Waterloo", "London Bridge"], "St. Johns Wood": ["Baker Street", "Swiss Cottage"], "Stanmore": ["Canons Park"], "Bushey": ["Harrow and Wealdstone", "Watford Junction", "Carpenders Park", "Watford High Street"], "Watford Junction": ["Harrow and Wealdstone", "Bushey", "Watford High Street"], "Euston": ["Wembley Central", "Kings Cross St. Pancras", "Camden Town", "Mornington Crescent", "Warren Street", "South Hampstead"], "Chesham": ["Chalfont and Latimer"], "Croxley": ["Watford", "Moor Park"], "Watford": ["Croxley"], "Eastcote": ["Ruislip Manor", "West Harrow", "Rayners Lane"], "Ruislip Manor": ["Eastcote", "Ruislip"], "North Harrow": ["Harrow-on-the-Hill", "Pinner"], "West Harrow": ["Harrow-on-the-Hill", "Eastcote"], "Hillingdon": ["Uxbridge", "Ickenham"], "Uxbridge": ["Hillingdon"], "Ickenham": ["Hillingdon", "Ruislip"], "Moor Park": ["Rickmansworth", "Croxley", "Northwood"], "Pinner": ["North Harrow", "Northwood Hills"], "Northwick Park": ["Harrow-on-the-Hill", "Preston Road"], "Northwood": ["Moor Park", "Northwood Hills"], "Northwood Hills": ["Pinner", "Northwood"], "Preston Road": ["Wembley Park", "Northwick Park"], "Ruislip": ["Ruislip Manor", "Ickenham"], "Angel": ["Kings Cross St. Pancras", "Old Street"], "Archway": ["Highgate", "Tufnell Park"], "Highgate": ["Archway", "East Finchley"], "Balham": ["Clapham South", "Tooting Bec", "Mitcham Eastfields", "Streatham Common", "Streatham Hill", "Tooting", "Wandsworth Common"], "Clapham South": ["Balham", "Clapham Common"], "Belsize Park": ["Hampstead", "Chalk Farm"], "Hampstead": ["Belsize Park", "Golders Green"], "Borough": ["Elephant and Castle", "London Bridge"], "Brent Cross": ["Hendon Central", "Golders Green"], "Hendon Central": ["Brent Cross", "Colindale"], "Burnt Oak": ["Edgware", "Colindale"], "Edgware": ["Burnt Oak"], "Camden Town": ["Euston", "Chalk Farm", "Kentish Town", "Mornington Crescent"], "Chalk Farm": ["Belsize Park", "Camden Town"], "Kentish Town": ["Camden Town", "Tufnell Park", "St Pancras", "West Hampstead Thameslink"], "Leicester Square": ["Charing Cross", "Piccadilly Circus", "Tottenham Court Road", "Covent Garden"], "Clapham Common": ["Clapham South", "Clapham North"], "Clapham North": ["Clapham Common", "Stockwell"], "Stockwell": ["Clapham North", "Oval", "Vauxhall", "Brixton"], "Colindale": ["Hendon Central", "Burnt Oak"], "Colliers Wood": ["Tooting Broadway", "South Wimbledon"], "Tooting Broadway": ["Colliers Wood", "Tooting Bec"], "East Finchley": ["Highgate", "Finchley Central", "Mill Hill East"], "Finchley Central": ["East Finchley", "West Finchley"], "Mill Hill East": ["East Finchley"], "Mornington Crescent": ["Euston", "Camden Town"], "West Finchley": ["Finchley Central", "Woodside Park"], "Golders Green": ["Hampstead", "Brent Cross"], "Goodge Street": ["Tottenham Court Road", "Warren Street"], "Warren Street": ["Oxford Circus", "Euston", "Goodge Street"], "Kennington": ["Waterloo", "Elephant and Castle", "Nine Elms", "Oval"], "Nine Elms": ["Kennington", "Battersea Power Station"], "Tufnell Park": ["Archway", "Kentish Town"], "Morden": ["South Wimbledon"], "South Wimbledon": ["Colliers Wood", "Morden"], "Battersea Power Station": ["Nine Elms"], "Oval": ["Stockwell", "Kennington"], "Tooting Bec": ["Balham", "Tooting Broadway"], "Totteridge and Whetstone": ["High Barnet", "Woodside Park"], "High Barnet": ["Totteridge and Whetstone"], "Woodside Park": ["West Finchley", "Totteridge and Whetstone"], "Acton Central": ["Willesden Junction", "South Acton"], "Anerley": ["Norwood Junction", "Penge West"], "Norwood Junction": ["Anerley", "West Croydon", "East Croydon"], "Cambridge Heath": ["Bethnal Green", "London Fields"], "Blackhorse Road": ["Tottenham Hale", "Walthamstow Queens Road", "South Tottenham", "Walthamstow Central"], "Walthamstow Queens Road": ["Blackhorse Road", "Leyton Midland Road"], "Brockley": ["Honor Oak Park", "New Cross Gate"], "Honor Oak Park": ["Brockley", "Forest Hill"], "Brondesbury": ["West Hampstead", "Brondesbury Park"], "Brondesbury Park": ["Brondesbury", "Kensal Rise"], "Bruce Grove": ["Seven Sisters", "White Hart Lane"], "White Hart Lane": ["Bruce Grove", "Silver Street"], "Bush Hill Park": ["Edmonton Green", "Enfield Town"], "Enfield Town": ["Bush Hill Park"], "Carpenders Park": ["Bushey", "Hatch End"], "Caledonian Road and Barnsbury": ["Highbury and Islington", "Camden Road"], "London Fields": ["Hackney Downs", "Cambridge Heath"], "Camden Road": ["Caledonian Road and Barnsbury", "Kentish Town West"], "Surrey Quays": ["Canada Water", "New Cross Gate", "Queens Road Peckham", "New Cross"], "Canonbury": ["Highbury and Islington", "Dalston Junction", "Dalston Kingsland"], "Dalston Junction": ["Canonbury", "Haggerston"], "Dalston Kingsland": ["Canonbury", "Hackney Central"], "Hatch End": ["Carpenders Park", "Headstone Lane"], "Clapham High Street": ["Wandsworth Road", "Denmark Hill"], "Wandsworth Road": ["Clapham High Street", "Clapham Junction"], "Clapton": ["Hackney Downs", "St James Street"], "St James Street": ["Clapton", "Walthamstow Central"], "Crouch Hill": ["Harringay Green Lanes", "Upper Holloway"], "Harringay Green Lanes": ["Crouch Hill", "South Tottenham"], "Haggerston": ["Dalston Junction", "Hoxton"], "Hackney Central": ["Dalston Kingsland", "Homerton"], "Denmark Hill": ["Elephant and Castle", "Victoria", "Clapham High Street", "Peckham Rye"], "Southbury": ["Edmonton Green", "Turkey Street"], "Emerson Park": ["Upminster", "Romford"], "Finchley Road and Frognal": ["West Hampstead", "Hampstead Heath"], "Hampstead Heath": ["Finchley Road and Frognal", "Gospel Oak"], "Forest Hill": ["Honor Oak Park", "Sydenham"], "Sydenham": ["Forest Hill", "Penge West", "Crystal Palace"], "Gospel Oak": ["Hampstead Heath", "Kentish Town West", "Upper Holloway"], "Kentish Town West": ["Camden Road", "Gospel Oak"], "Upper Holloway": ["Crouch Hill", "Gospel Oak"], "South Acton": ["Gunnersbury", "Acton Central"], "Homerton": ["Hackney Central", "Hackney Wick"], "Rectory Road": ["Hackney Downs", "Stoke Newington"], "Hackney Wick": ["Stratford", "Homerton"], "Hoxton": ["Haggerston", "Shoreditch High Street"], "South Tottenham": ["Blackhorse Road", "Harringay Green Lanes"], "Headstone Lane": ["Harrow and Wealdstone", "Hatch End"], "Highams Park": ["Chingford", "Wood Street"], "Chingford": ["Highams Park"], "Shoreditch High Street": ["Whitechapel", "Hoxton"], "Imperial Wharf": ["West Brompton", "Clapham Junction"], "Clapham Junction": ["Wandsworth Road", "Imperial Wharf", "Earlsfield", "Wandsworth Town", "Queenstown Road", "Battersea Park", "Wandsworth Common"], "Kensal Rise": ["Willesden Junction", "Brondesbury Park"], "Kilburn High Road": ["Queens Park", "South Hampstead"], "South Hampstead": ["Euston", "Kilburn High Road"], "Leyton Midland Road": ["Walthamstow Queens Road", "Leytonstone High Road"], "Leytonstone High Road": ["Leyton Midland Road", "Wanstead Park"], "Wanstead Park": ["Leytonstone High Road", "Woodgrange Park"], "New Cross Gate": ["London Bridge", "Brockley", "Surrey Quays"], "West Croydon": ["Norwood Junction", "Selhurst", "Waddon", "Centrale", "Wellesley Road"], "Peckham Rye": ["Denmark Hill", "Queens Road Peckham", "Nunhead", "East Dulwich"], "Penge West": ["Anerley", "Sydenham"], "Queens Road Peckham": ["Surrey Quays", "Peckham Rye", "South Bermondsey"], "Stoke Newington": ["Rectory Road", "Stamford Hill"], "Rotherhithe": ["Canada Water", "Wapping"], "Wapping": ["Shadwell", "Rotherhithe"], "Silver Street": ["Edmonton Green", "White Hart Lane"], "Turkey Street": ["Southbury", "Theobalds Grove"], "Walthamstow Central": ["Blackhorse Road", "St James Street", "Wood Street"], "Stamford Hill": ["Seven Sisters", "Stoke Newington"], "New Cross": ["London Bridge", "Surrey Quays", "St Johns"], "Crystal Palace": ["Sydenham", "Birkbeck", "Gipsy Hill"], "Theobalds Grove": ["Cheshunt", "Turkey Street"], "Wood Street": ["Highams Park", "Walthamstow Central"], "Woodgrange Park": ["Barking", "Wanstead Park"], "Watford High Street": ["Bushey", "Watford Junction"], "South Ealing": ["Acton Town", "Northfields"], "Alperton": ["Sudbury Town", "Park Royal"], "Sudbury Town": ["Alperton", "Sudbury Hill"], "Arnos Grove": ["Bounds Green", "Southgate"], "Bounds Green": ["Arnos Grove", "Wood Green"], "Arsenal": ["Finsbury Park", "Holloway Road"], "Holloway Road": ["Arsenal", "Caledonian Road"], "Boston Manor": ["Osterley", "Northfields"], "Osterley": ["Boston Manor", "Hounslow East"], "Wood Green": ["Bounds Green", "Turnpike Lane"], "Caledonian Road": ["Kings Cross St. Pancras", "Holloway Road"], "Cockfosters": [], "Oakwood": ["Southgate"], "Covent Garden": ["Holborn", "Leicester Square"], "North Ealing": ["Ealing Common", "Park Royal"], "Hyde Park Corner": ["Green Park", "Knightsbridge"], "Hatton Cross": ["Heathrow Terminals 1 2 3", "Heathrow Terminal 4", "Hounslow West"], "Hounslow Central": ["Hounslow West", "Hounslow East"], "Hounslow West": ["Hatton Cross", "Hounslow Central"], "Hounslow East": ["Osterley", "Hounslow Central"], "Knightsbridge": ["South Kensington", "Hyde Park Corner"], "Russell Square": ["Holborn", "Kings Cross St. Pancras"], "Manor House": ["Finsbury Park", "Turnpike Lane"], "Park Royal": ["Alperton", "North Ealing"], "Northfields": ["South Ealing", "Boston Manor"], "Southgate": ["Arnos Grove", "Oakwood"], "Rayners Lane": ["Eastcote", "South Harrow"], "South Harrow": ["Rayners Lane", "Sudbury Hill"], "Sudbury Hill": ["Sudbury Town", "South Harrow"], "Turnpike Lane": ["Wood Green", "Manor House"], "Barnes": ["Putney", "Barnes Bridge", "Mortlake"], "Putney": ["Barnes", "Wandsworth Town"], "Barnes Bridge": ["Barnes", "Chiswick"], "Berrylands": ["Surbiton", "New Malden"], "Surbiton": ["Berrylands", "Thames Ditton"], "Brentford": ["Kew Bridge", "Syon Lane"], "Kew Bridge": ["Brentford", "Chiswick"], "Chessington North": ["Chessington South", "Tolworth"], "Chessington South": ["Chessington North"], "Chiswick": ["Barnes Bridge", "Kew Bridge"], "Earlsfield": ["Wimbledon", "Clapham Junction"], "Feltham": ["Hounslow", "Whitton"], "Hounslow": ["Feltham", "Isleworth"], "Fulwell": ["Hampton", "Teddington"], "Hampton": ["Fulwell"], "Hampton Wick": ["Teddington", "Kingston"], "Teddington": ["Fulwell", "Hampton Wick", "Strawberry Hill"], "Isleworth": ["Hounslow", "Syon Lane"], "Syon Lane": ["Brentford", "Isleworth"], "Kingston": ["Hampton Wick", "Norbiton"], "Malden Manor": ["Tolworth", "Motspur Park"], "Tolworth": ["Chessington North", "Malden Manor"], "Mortlake": ["Barnes", "North Sheen"], "Motspur Park": ["Malden Manor", "Worcester Park", "Raynes Park"], "Worcester Park": ["Motspur Park", "Stoneleigh"], "New Malden": ["Berrylands", "Norbiton", "Raynes Park"], "Norbiton": ["Kingston", "New Malden"], "North Sheen": ["Richmond", "Mortlake"], "Wandsworth Town": ["Clapham Junction", "Putney"], "Queenstown Road": ["Clapham Junction", "Vauxhall"], "Raynes Park": ["Wimbledon", "Motspur Park", "New Malden"], "St Margarets": ["Richmond", "Twickenham"], "Stoneleigh": ["Worcester Park", "Ewell West"], "Ewell West": ["Stoneleigh"], "Strawberry Hill": ["Teddington", "Twickenham"], "Twickenham": ["St Margarets", "Strawberry Hill", "Whitton"], "Thames Ditton": ["Surbiton", "Hampton Court"], "Hampton Court": ["Thames Ditton"], "Whitton": ["Feltham", "Twickenham"], "Vauxhall": ["Waterloo", "Stockwell", "Queenstown Road", "Pimlico"], "Belvedere": ["Abbey Wood", "Erith"], "Albany Park": ["Bexley", "Sidcup"], "Bexley": ["Albany Park", "Crayford"], "Barnehurst": ["Slade Green", "Bexleyheath"], "Slade Green": ["Barnehurst", "Erith"], "Beckenham Junction": ["Shortlands", "Kent House", "Birkbeck", "Beckenham Road"], "Shortlands": ["Beckenham Junction", "Bromley South", "Ravensbourne"], "Erith": ["Belvedere", "Slade Green"], "Crayford": ["Bexley"], "Bexleyheath": ["Barnehurst", "Welling"], "Bickley": ["Petts Wood", "St Mary Cray", "Bromley South"], "Petts Wood": ["Bickley", "Chislehurst", "Orpington"], "St Mary Cray": ["Bickley"], "Blackheath": ["Lewisham", "Charlton", "Kidbrooke"], "Charlton": ["Blackheath", "Woolwich Dockyard", "Westcombe Park"], "Kidbrooke": ["Blackheath", "Eltham"], "Brixton": ["Victoria", "Stockwell", "Herne Hill"], "Herne Hill": ["Brixton", "West Dulwich", "Tulse Hill", "Loughborough Junction"], "Bromley South": ["Shortlands", "Bickley"], "Catford Bridge": ["Lower Sydenham", "Ladywell"], "Lower Sydenham": ["Catford Bridge", "New Beckenham"], "Waterloo East": ["Charing Cross", "London Bridge"], "Woolwich Dockyard": ["Woolwich Arsenal", "Charlton"], "Chelsfield": ["Knockholt", "Orpington"], "Knockholt": ["Chelsfield"], "Chislehurst": ["Petts Wood", "Elmstead Woods"], "Clock House": ["Elmers End", "New Beckenham"], "Elmers End": ["Clock House", "Eden Park", "Arena"], "Deptford": ["Greenwich", "London Bridge"], "Eden Park": ["Elmers End", "West Wickham"], "West Wickham": ["Eden Park", "Hayes"], "Elmstead Woods": ["Chislehurst", "Grove Park"], "Eltham": ["Kidbrooke", "Falconwood"], "Falconwood": ["Eltham", "Welling"], "Welling": ["Bexleyheath", "Falconwood"], "Maze Hill": ["Greenwich", "Westcombe Park"], "Grove Park": ["Elmstead Woods", "Sundridge Park", "Hither Green"], "Sundridge Park": ["Grove Park", "Bromley North"], "West Dulwich": ["Herne Hill", "Sydenham Hill"], "Hither Green": ["Lewisham", "Grove Park", "Lee"], "Lee": ["Hither Green", "Mottingham"], "Kent House": ["Beckenham Junction", "Penge East"], "Ladywell": ["Lewisham", "Catford Bridge"], "Mottingham": ["Lee", "New Eltham"], "New Beckenham": ["Lower Sydenham", "Clock House"], "Westcombe Park": ["Charlton", "Maze Hill"], "New Eltham": ["Mottingham", "Sidcup"], "St Johns": ["Lewisham", "New Cross"], "Sidcup": ["Albany Park", "New Eltham"], "Nunhead": ["Lewisham", "Peckham Rye", "Crofton Park"], "Orpington": ["Petts Wood", "Chelsfield"], "Penge East": ["Kent House", "Sydenham Hill"], "Plumstead": ["Woolwich Arsenal", "Abbey Wood"], "Bromley North": ["Sundridge Park"], "Sydenham Hill": ["West Dulwich", "Penge East"], "Hayes": ["West Wickham"], "Mitcham Eastfields": ["Balham", "Mitcham Junction", "Streatham"], "Streatham Common": ["Balham", "Norbury", "Streatham"], "Streatham Hill": ["Balham", "West Norwood", "Tulse Hill"], "Tooting": ["Balham", "Haydons Road", "Streatham"], "Banstead": ["Epsom Downs", "Belmont"], "Epsom Downs": ["Banstead"], "Battersea Park": ["Victoria", "Clapham Junction"], "Belmont": ["Banstead", "Sutton"], "Birkbeck": ["Crystal Palace", "Beckenham Junction", "Harrington Road", "Avenue Road"], "Carshalton": ["Sutton", "Hackbridge"], "Sutton": ["Belmont", "Carshalton", "Carshalton Beeches", "Cheam", "West Sutton"], "Carshalton Beeches": ["Sutton", "Wallington"], "Cheam": ["Sutton", "Ewell East"], "Ewell East": ["Cheam"], "Chipstead": ["Kingswood", "Woodmansterne"], "Kingswood": ["Chipstead", "Tadworth"], "Wandsworth Common": ["Balham", "Clapham Junction"], "Coulsdon Town": ["Woodmansterne", "Reedham"], "Woodmansterne": ["Chipstead", "Coulsdon Town"], "Gipsy Hill": ["Crystal Palace", "West Norwood"], "East Croydon": ["London Bridge", "Norwood Junction", "South Croydon", "Purley", "Selhurst", "Tulse Hill", "George Street", "Lebanon Road", "Wellesley Road"], "South Croydon": ["East Croydon", "Purley Oaks", "Sanderstead"], "East Dulwich": ["Peckham Rye", "North Dulwich"], "West Norwood": ["Streatham Hill", "Gipsy Hill", "Tulse Hill"], "Hackbridge": ["Carshalton", "Mitcham Junction"], "Haydons Road": ["Wimbledon", "Tooting"], "Kenley": ["Whyteleafe", "Purley"], "Whyteleafe": ["Kenley", "Whyteleafe South"], "Tadworth": ["Kingswood", "Tattenham Corner"], "Mitcham Junction": ["Mitcham Eastfields", "Hackbridge", "Beddington Lane", "Mitcham"], "Morden South": ["St Helier", "South Merton"], "St Helier": ["Morden South", "Sutton Common"], "Norbury": ["Streatham Common", "Thornton Heath"], "Thornton Heath": ["Norbury", "Selhurst"], "North Dulwich": ["East Dulwich", "Tulse Hill"], "Purley": ["East Croydon", "Kenley", "Coulsdon South", "Reedham", "Purley Oaks"], "Coulsdon South": ["Purley"], "Reedham": ["Coulsdon Town", "Purley"], "Purley Oaks": ["South Croydon", "Purley"], "South Bermondsey": ["London Bridge", "Queens Road Peckham"], "Riddlesdown": ["Upper Warlingham", "Sanderstead"], "Upper Warlingham": ["Riddlesdown"], "Sanderstead": ["South Croydon", "Riddlesdown"], "Selhurst": ["West Croydon", "East Croydon", "Thornton Heath"], "South Merton": ["Morden South", "Wimbledon Chase"], "Sutton Common": ["St Helier", "West Sutton"], "Streatham": ["Mitcham Eastfields", "Streatham Common", "Tooting", "Tulse Hill"], "West Sutton": ["Sutton", "Sutton Common"], "Tattenham Corner": ["Tadworth"], "Tulse Hill": ["Herne Hill", "Streatham Hill", "East Croydon", "West Norwood", "North Dulwich", "Streatham"], "Waddon": ["West Croydon", "Wallington"], "Wallington": ["Carshalton Beeches", "Waddon"], "Whyteleafe South": ["Whyteleafe", "Caterham"], "Caterham": ["Whyteleafe South"], "Wimbledon Chase": ["Wimbledon", "South Merton"], "Beckenham Hill": ["Bellingham", "Ravensbourne"], "Bellingham": ["Beckenham Hill", "Catford"], "Catford": ["Bellingham", "Crofton Park"], "City Thameslink": ["Blackfriars", "Farringdon"], "Crofton Park": ["Nunhead", "Catford"], "Cricklewood": ["Hendon", "West Hampstead Thameslink"], "Hendon": ["Cricklewood", "Mill Hill Broadway"], "St Pancras": ["Farringdon", "Kentish Town"], "Mill Hill Broadway": ["Hendon", "Elstree and Borehamwood"], "Loughborough Junction": ["Elephant and Castle", "Herne Hill"], "West Hampstead Thameslink": ["Kentish Town", "Cricklewood"], "Elstree and Borehamwood": ["Mill Hill Broadway"], "Ravensbourne": ["Shortlands", "Beckenham Hill"], "Addington Village": ["Fieldway", "Gravel Hill"], "Fieldway": ["Addington Village", "King Henry's Drive"], "Addiscombe": ["Blackhorse Lane", "Sandilands"], "Blackhorse Lane": ["Addiscombe", "Woodside"], "Ampere Way": ["Waddon Marsh", "Therapia Lane"], "Waddon Marsh": ["Ampere Way", "Wandle Park"], "Arena": ["Elmers End", "Harrington Road", "Woodside"], "Harrington Road": ["Birkbeck", "Arena"], "Avenue Road": ["Birkbeck", "Beckenham Road"], "Beckenham Road": ["Beckenham Junction", "Avenue Road"], "Beddington Lane": ["Mitcham Junction", "Therapia Lane"], "Therapia Lane": ["Ampere Way", "Beddington Lane"], "Belgrave Walk": ["Mitcham", "Phipps Bridge"], "Mitcham": ["Mitcham Junction", "Belgrave Walk"], "Woodside": ["Blackhorse Lane", "Arena"], "Centrale": ["West Croydon", "Church Street", "Reeves Corner"], "Church Street": ["Centrale", "George Street"], "Coombe Lane": ["Gravel Hill", "Lloyd Park"], "Gravel Hill": ["Addington Village", "Coombe Lane"], "Dundonald Road": ["Wimbledon", "Merton Park"], "Merton Park": ["Dundonald Road", "Morden Road"], "George Street": ["East Croydon", "Church Street"], "Lebanon Road": ["East Croydon", "Sandilands"], "King Henry's Drive": ["Fieldway", "New Addington"], "New Addington": ["King Henry's Drive"], "Sandilands": ["Addiscombe", "Lebanon Road", "Lloyd Park"], "Lloyd Park": ["Coombe Lane", "Sandilands"], "Morden Road": ["Merton Park", "Phipps Bridge"], "Phipps Bridge": ["Belgrave Walk", "Morden Road"], "Reeves Corner": ["Centrale", "Wandle Park"], "Wandle Park": ["Waddon Marsh", "Reeves Corner"], "Wellesley Road": ["West Croydon", "East Croydon"], "Pimlico": ["Victoria", "Vauxhall"]}